Corpus Size,TTR
10000,0.2631
50000,0.17782
100000,0.1382
500000,0.069602
1000000,0.048676
