Corpus Size,MATTR
10000,0.46607932451949785
50000,0.48870223056672313
100000,0.48948105574691164
500000,0.46918814391153524
1000000,0.45022508886377494
